{
	"eight-ball": [
		"It is certain",
		"It is decidedly so",
		"Without a doubt",
		"Yes, definitely",
		"You may rely on it",
		"As I see it, yes",
		"Most likely",
		"Outlook good",
		"Yes",
		"Signs point to yes",
		"Reply hazy try again",
		"Ask again later",
		"Better not tell you now",
		"Cannot predict now",
		"Concentrate and ask again",
		"Don't count on it",
		"My reply is no",
		"My sources say no",
		"Outlook not so good",
		"Very doubtful"
	],

	"hug": [
		"https://i.imgur.com/LlJ78di.gif",
		"https://i.imgur.com/fJJXUVq.gif",
		"https://i.imgur.com/cjW7TKC.gif",
		"https://i.imgur.com/vz88GKM.gif",
		"https://i.imgur.com/J0ajQG6.gif",
		"https://i.imgur.com/OT24g2L.gif",
		"https://i.imgur.com/mDe5AnM.gif",
		"https://i.imgur.com/tgDrwSt.gif",
		"https://i.imgur.com/mp5Wqng.gif",
		"https://i.imgur.com/rr6UeNg.gif",
		"https://i.imgur.com/ioqFaZg.gif",
		"https://i.imgur.com/XIXYTBy.gif",
		"https://i.imgur.com/iTxLegB.gif",
		"https://i.imgur.com/g866iBP.gif",
		"https://i.imgur.com/LewpSsb.gif",
		"https://i.imgur.com/kzhFPiI.gif",
		"https://i.imgur.com/kF57HMq.gif",
		"https://i.imgur.com/gXIuyuW.gif",
		"https://i.imgur.com/L0oYdWc.gif",
		"https://i.imgur.com/mxPfpNF.gif",
		"https://i.imgur.com/tHkDuwi.gif",
		"https://i.imgur.com/Ysi04JF.gif",
		"https://i.imgur.com/iNHA1Bo.gif",
		"https://i.imgur.com/ZXMyRq9.gif"
	],
	"boop": [
		"https://i.imgur.com/ZQn8JCi.gif",
		"https://i.imgur.com/pb1fNKw.gif",
		"https://i.imgur.com/kJ0C14O.gif",
		"https://i.imgur.com/RpiqUCP.gif",
		"https://i.imgur.com/WRFRlik.gif",
		"https://i.imgur.com/T85c6Qg.gif",
		"https://i.imgur.com/HxlfpOl.gif",
		"https://i.imgur.com/iGWTOUr.gif",
		"https://i.imgur.com/e9BFgjY.gif"
	],
	"feed": [
		"https://i.imgur.com/w0E5Buz.gif",
		"https://i.imgur.com/TWFjUXw.gif",
		"https://i.imgur.com/c2vn0CX.gif",
		"https://i.imgur.com/gWVufDz.gif",
		"https://i.imgur.com/t9IdSx9.gif",
		"https://i.imgur.com/9oPwP6x.gif",
		"https://i.imgur.com/PgFL16y.gif",
		"https://i.imgur.com/CApdnQb.gif",
		"https://i.imgur.com/vtJ4ntQ.gif",
		"https://i.imgur.com/K0mHLjX.gif",
		"https://i.imgur.com/kkOIkXv.gif",
		"https://i.imgur.com/4TJn8T1.gif",
		"https://i.imgur.com/SdFuoii.gif",
		"https://i.imgur.com/spJ81Ba.gif",
		"https://i.imgur.com/Oot7PkF.gif",
		"https://i.imgur.com/FVLs8Kn.gif"
	],
	"fist_bump": [
		"https://i.imgur.com/8CoSidd.gif",
		"https://i.imgur.com/PBKtSPx.gif",
		"https://i.imgur.com/0YythGw.gif",
		"https://i.imgur.com/7leXvmz.gif",
		"https://i.imgur.com/DQy3BGj.gif",
		"https://i.imgur.com/uVRNHR0.gif",
		"https://i.imgur.com/kN9yT5b.gif",
		"https://i.imgur.com/d5tFB9X.gif",
		"https://i.imgur.com/WKShnGH.gif",
		"https://i.imgur.com/Q0nkW6F.gif"
	],
	"high_five": [
		"https://i.imgur.com/pnhUbE2.gif",
		"https://i.imgur.com/J26sxfk.gif",
		"https://i.imgur.com/fRsh3OB.gif",
		"https://i.imgur.com/nLYR2ab.gif",
		"https://i.imgur.com/lvDcmKW.gif",
		"https://i.imgur.com/hGkEtHT.gif",
		"https://i.imgur.com/hXO73CY.gif",
		"https://i.imgur.com/yd2HzPU.gif",
		"https://i.imgur.com/8Eili9u.gif",
		"https://i.imgur.com/9RhsrsS.gif",
		"https://i.imgur.com/KqxnlM3.gif",
		"https://i.imgur.com/5NiaxJM.gif",
		"https://i.imgur.com/fw1wBM3.gif",
		"https://i.imgur.com/GoGc1l2.gif",
		"https://i.imgur.com/NbYryGy.gif"
	],
	"kiss": [
		"https://i.imgur.com/iNgPq0J.gif",
		"https://i.imgur.com/9ELAra2.gif",
		"https://i.imgur.com/ZZJNbhS.gif",
		"https://i.imgur.com/WziV4x5.gif",
		"https://i.imgur.com/3sxhKl9.gif",
		"https://i.imgur.com/ukANRer.gif",
		"https://i.imgur.com/cDinNda.gif",
		"https://i.imgur.com/hynRXVC.gif",
		"https://i.imgur.com/KzZBGTA.gif",
		"https://i.imgur.com/PFFlZCh.gif",
		"https://i.imgur.com/Qb7SDfL.gif",
		"https://i.imgur.com/2Iawzam.gif",
		"https://i.imgur.com/VALBh9A.gif",
		"https://i.imgur.com/UZ2aDoD.gif",
		"https://i.imgur.com/C2jQ97f.gif",
		"https://i.imgur.com/VUaaUSM.gif",
		"https://i.imgur.com/bQyDqjr.gif",
		"https://i.imgur.com/VCxIFzf.gif",
		"https://i.imgur.com/rcWwg6j.gif",
		"https://i.imgur.com/kRDRb5H.gif",
		"https://i.imgur.com/DutSGIC.gif",
		"https://i.imgur.com/zl89FBk.gif",
		"https://i.imgur.com/TdfwhgE.gif",
		"https://i.imgur.com/JUwiZKG.gif",
		"https://i.imgur.com/3bZ2gaQ.gif",
		"https://i.imgur.com/T9Vjpca.gif",
		"https://i.imgur.com/z2pEbh9.gif",
		"https://i.imgur.com/0JABpAc.gif",
		"https://i.imgur.com/mxzFv0v.gif",
		"https://i.imgur.com/Oqv9Jgy.gif",
		"https://i.imgur.com/F5eg9gC.gif",
		"https://i.imgur.com/6z7TiB1.gif"
	],
	"nuzzle": [
		"https://i.imgur.com/F73CcIV.gif",
		"https://i.imgur.com/r2yUwj9.gif",
		"https://i.imgur.com/JByPHMt.gif",
		"https://i.imgur.com/2VIDh0i.gif",
		"https://i.imgur.com/kS036oU.gif",
		"https://i.imgur.com/If3pkJt.gif",
		"https://i.imgur.com/hwgRzlv.gif",
		"https://i.imgur.com/gqJ2KF2.gif",
		"https://i.imgur.com/Vw2sZdX.gif",
		"https://i.imgur.com/nVmXHJo.gif",
		"https://i.imgur.com/x5ZUFZE.gif",
		"https://i.imgur.com/sTowYxa.gif",
		"https://i.imgur.com/EQMElbG.gif",
		"https://i.imgur.com/TuiCrbm.gif",
		"https://i.imgur.com/D2afYt2.gif"
	],
	"pat": [
		"https://i.imgur.com/6AcUER5.gif",
		"https://i.imgur.com/b4vaiq5.gif",
		"https://i.imgur.com/Vg4QKEN.gif",
		"https://i.imgur.com/Ibf8yNH.gif",
		"https://i.imgur.com/MJW90Re.gif",
		"https://i.imgur.com/dMkRF8u.gif",
		"https://i.imgur.com/LhtPqkv.gif",
		"https://i.imgur.com/Uws0kk8.gif",
		"https://i.imgur.com/eAw8HAC.gif",
		"https://i.imgur.com/azMabEk.gif",
		"https://i.imgur.com/x6abrlF.gif",
		"https://i.imgur.com/VXJPnFz.gif",
		"https://i.imgur.com/fZDDZFz.gif",
		"https://i.imgur.com/ozPqG25.gif",
		"https://i.imgur.com/j8ukaPB.gif",
		"https://i.imgur.com/qyKS9A6.gif",
		"https://i.imgur.com/ZguE8SS.gif",
		"https://i.imgur.com/ma46yZb.gif",
		"https://i.imgur.com/U8jRd7f.gif",
		"https://i.imgur.com/b8JLMW0.gif",
		"https://i.imgur.com/CWwDgyt.gif",
		"https://i.imgur.com/CWwDgyt.gif",
		"https://i.imgur.com/E9saWjJ.gif",
		"https://i.imgur.com/kIbyN1B.gif",
		"https://i.imgur.com/Kq7XEfE.gif",
		"https://i.imgur.com/beCesRK.gif",
		"https://i.imgur.com/iYoxSTm.gif",
		"https://i.imgur.com/reQSdcb.gif",
		"https://i.imgur.com/ds9ZzNC.gif",
		"https://i.imgur.com/YeSuhtg.gif",
		"https://i.imgur.com/JBQfAZ7.gif",
		"https://i.imgur.com/F4RM33H.gif",
		"https://i.imgur.com/g9WFlyt.gif",
		"https://i.imgur.com/rc578vu.gif",
		"https://i.imgur.com/pyzOxZN.gif",
		"https://i.imgur.com/bv2JjoD.gif"
	],
	"poke": [
		"https://i.imgur.com/xPQn5DZ.gif",
		"https://i.imgur.com/JEjx67q.gif",
		"https://i.imgur.com/5O1QYON.gif",
		"https://i.imgur.com/foPh8t3.gif",
		"https://i.imgur.com/WSpCwqV.gif",
		"https://i.imgur.com/BGRbAPb.gif",
		"https://i.imgur.com/0GJYA9D.gif",
		"https://i.imgur.com/6j5oUwc.gif",
		"https://i.imgur.com/ZtbfTay.gif",
		"https://i.imgur.com/ihRg3pd.gif"
	],
	"punch": [
		"https://i.imgur.com/z8DG1qN.gif",
		"https://i.imgur.com/TPL2wjo.gif",
		"https://i.imgur.com/CwyV5yf.gif",
		"https://i.imgur.com/8YCaIuF.gif",
		"https://i.imgur.com/liG5UNT.gif",
		"https://i.imgur.com/20LkSeG.gif",
		"https://i.imgur.com/32Jg2c3.gif",
		"https://i.imgur.com/je5x1vh.gif",
		"https://i.imgur.com/UsPXxQb.gif",
		"https://i.imgur.com/FcEfN4Q.gif",
		"https://i.imgur.com/cl92BzI.gif",
		"https://i.imgur.com/5ZnTP0G.gif"
	],
	"slap": [
		"https://i.imgur.com/zsFtUbx.gif",
		"https://i.imgur.com/QS7oRWu.gif",
		"https://i.imgur.com/D38FUlQ.gif",
		"https://i.imgur.com/TyVwAez.gif",
		"https://i.imgur.com/EUfl7wf.gif",
		"https://i.imgur.com/uuTmQBg.gif",
		"https://i.imgur.com/Xoxcwm1.gif",
		"https://i.imgur.com/EYkArti.gif",
		"https://i.imgur.com/W12nOPL.gif",
		"https://i.imgur.com/D8odpiT.gif",
		"https://i.imgur.com/EqIaKPv.gif",
		"https://i.imgur.com/h6nMKYt.gif",
		"https://i.imgur.com/cSLOHK5.gif",
		"https://i.imgur.com/awysMnN.gif",
		"https://i.imgur.com/CYDgGLZ.gif",
		"https://i.imgur.com/BdcvRqC.gif",
		"https://i.imgur.com/5ZIq9o7.gif",
		"https://i.imgur.com/rHZCA5P.gif",
		"https://i.imgur.com/K290Gqm.gif",
		"https://i.imgur.com/PlL3I2G.gif",
		"https://i.imgur.com/CPG2GOW.gif",
		"https://i.imgur.com/LkbDTPt.gif"
	],
	"tickle": [
		"https://i.imgur.com/gyhDhCT.gif",
		"https://i.imgur.com/mubAdG2.gif",
		"https://i.imgur.com/pH3nNFu.gif",
		"https://i.imgur.com/sY0NTR7.gif",
		"https://i.imgur.com/jzOGxV5.gif",
		"https://i.imgur.com/zfomGHt.gif",
		"https://i.imgur.com/pYAVdfM.gif",
		"https://i.imgur.com/CKUE0vV.gif",
		"https://i.imgur.com/e1bbCz5.gif",
		"https://i.imgur.com/rmHgMDR.gif",
		"https://i.imgur.com/GJSy7HF.gif",
		"https://i.imgur.com/bdA2TJW.gif"
	],
	"wink": [
		"https://i.imgur.com/0s4GVba.gif",
		"https://i.imgur.com/UHp0j15.gif",
		"https://i.imgur.com/H33ovV1.gif",
		"https://i.imgur.com/UiY0oOx.gif",
		"https://i.imgur.com/vEIeYoz.gif",
		"https://i.imgur.com/UExXXz4.gif",
		"https://i.imgur.com/WrBKlEO.gif",
		"https://i.imgur.com/mk0GnEK.gif",
		"https://i.imgur.com/hYaPEyR.gif",
		"https://i.imgur.com/prY4sy3.gif",
		"https://i.imgur.com/sDLfM6f.gif",
		"https://i.imgur.com/mRwDnUX.gif",
		"https://i.imgur.com/GJfcXRO.gif",
		"https://i.imgur.com/NaAR9eH.gif",
		"https://i.imgur.com/GYhwcRK.gif",
		"https://i.imgur.com/YfBhB5r.gif",
		"https://i.imgur.com/rtWCBvU.gif",
		"https://i.imgur.com/3UyVQxy.gif",
		"https://i.imgur.com/VJaqzgu.gif",
		"https://i.imgur.com/PgPZbq2.gif"
	]
}