{
	"regions": {
		"brazil": ":flag_br: Brazil",
		"eu-central": ":flag_eu: Central Europe",
		"singapore": ":flag_sg: Singapore",
		"us-central": ":flag_us: U.S. Central",
		"sydney": ":flag_au: Sydney",
		"us-east": ":flag_us: U.S. East",
		"us-south": ":flag_us: U.S. South",
		"us-west": ":flag_us: U.S. West",
		"eu-west": ":flag_eu: Western Europe",
		"vip-us-east": ":flag_us: VIP U.S. East",
		"london": ":flag_gb: London",
		"amsterdam": ":flag_nl: Amsterdam",
		"hongkong": ":flag_hk: Hong Kong",
		"russia": ":flag_ru: Russia",
		"southafrica": ":flag_za:  South Africa"
	},
	"categories": {
		"fun": "🕹️ Fun",
		"music": "🎶 Music",
		"images": "🖼️ Images",
		"social": "💬 Social",
		"info": "📚 Information",
		"mod": "🛡️ Moderation",
		"nsfw": "🔞 Not Safe For Work",
		"rp": "👨‍🌾 Roleplay",
		"text-mod": "🗃️ Text Modification",
		"utility": "🛠️ Utility"
	},
	"flip_text": {
		"a": "ɐ",
		"b": "q",
		"c": "ɔ",
		"d": "p",
		"e": "ǝ",
		"f": "ɟ",
		"g": "ƃ",
		"h": "ɥ",
		"i": "ᴉ",
		"j": "ɾ",
		"k": "ʞ",
		"m": "ɯ",
		"n": "u",
		"p": "d",
		"q": "b",
		"r": "ɹ",
		"t": "ʇ",
		"u": "n",
		"v": "ʌ",
		"w": "ʍ",
		"y": "ʎ",
		"A": "∀",
		"C": "Ɔ",
		"E": "Ǝ",
		"F": "Ⅎ",
		"G": "פ",
		"J": "ſ",
		"L": "˥",
		"M": "W",
		"P": "Ԁ",
		"T": "┴",
		"U": "∩",
		"V": "Λ",
		"W": "M",
		"Y": "⅄",
		"1": "Ɩ",
		"2": "ᄅ",
		"3": "Ɛ",
		"4": "ㄣ",
		"5": "ϛ",
		"6": "9",
		"7": "ㄥ",
		"9": "6",
		",": "'",
		".": "˙",
		"'": ",",
		"\"": ",,",
		"_": "‾",
		"&": "⅋",
		"!": "¡",
		"?": "¿",
		"`": ",",
		" ": " "
	}
}